name_spelling,team_id
a&m-corpus chris,1394
a&m-corpus chris,1394
abilene chr,1101
abilene chr,1101
abilene christian,1101
abilene christian,1101
Abilene Christian University ,1101
abilene-christian,1101
abilene-christian,1101
air force,1102
air force,1102
air-force,1102
air-force,1102
akron,1103
akron,1103
alabama,1104
alabama,1104
alabama a&m,1105
alabama a&m,1105
Alabama Agricultural and Mechanical University,1105
Alabama Agricultural and Mechanical University,1105
alabama st,1106
alabama st,1106
alabama st.,1106
alabama st.,1106
alabama state,1106
alabama state,1106
Alabama State University ,1106
alabama-am,1105
alabama-am,1105
alabama-birmingham,1412
alabama-birmingham,1412
alabama-state,1106
alabama-state,1106
albany,1107
albany,1107
albany (ny),1107
albany (ny),1107
albany ny,1107
albany ny,1107
albany-ny,1107
albany-ny,1107
alcorn,1108
alcorn,1108
alcorn st,1108
alcorn st,1108
alcorn st.,1108
alcorn st.,1108
alcorn state,1108
alcorn state,1108
Alcorn State University ,1108
alcorn-state,1108
alcorn-state,1108
alliant international,1109
alliant international,1109
alliant intl,1109
alliant intl,1109
american,1110
american,1110
american u.,1110
american u.,1110
american univ,1110
american univ,1110
american university,1110
american university,1110
American University ,1110
american-university,1110
american-university,1110
appalachian st,1111
appalachian st,1111
appalachian st.,1111
appalachian st.,1111
appalachian state,1111
appalachian state,1111
Appalachian State University ,1111
appalachian-state,1111
appalachian-state,1111
arizona,1112
arizona,1112
arizona st,1113
arizona st,1113
arizona st.,1113
arizona st.,1113
arizona state,1113
arizona state,1113
Arizona State University ,1113
arizona-state,1113
arizona-state,1113
ark little rock,1114
ark little rock,1114
ark pine bluff,1115
ark pine bluff,1115
ark.-pine bluff,1115
ark.-pine bluff,1115
arkansas,1116
arkansas,1116
arkansas st,1117
arkansas st,1117
arkansas st.,1117
arkansas st.,1117
arkansas state,1117
arkansas state,1117
Arkansas State University ,1117
arkansas-little rock,1114
arkansas-little rock,1114
arkansas-little-rock,1114
arkansas-little-rock,1114
arkansas-pine bluff,1115
arkansas-pine bluff,1115
Arkansas–Pine Bluff,1115
arkansas-pine-bluff,1115
arkansas-pine-bluff,1115
arkansas-state,1117
arkansas-state,1117
armstrong,1118
armstrong,1118
armstrong st,1118
armstrong st,1118
army,1119
army,1119
auburn,1120
auburn,1120
Auburn University ,1120
augusta,1121
augusta,1121
augusta state,1121
augusta state,1121
austin peay,1122
austin peay,1122
Austin Peay State University ,1122
austin-peay,1122
austin-peay,1122
bakersfield,1167
bakersfield,1167
ball st,1123
ball st,1123
ball st.,1123
ball st.,1123
ball state,1123
ball state,1123
Ball State University ,1123
ball-state,1123
ball-state,1123
baylor,1124
baylor,1124
Baylor University ,1124
belmont,1125
belmont,1125
Belmont University ,1125
bethune-cookman,1126
bethune-cookman,1126
Bethune-Cookman University ,1126
binghamton,1127
binghamton,1127
Binghamton University ,1127
birmingham so,1128
birmingham so,1128
birmingham southern,1128
birmingham southern,1128
birmingham-southern,1128
birmingham-southern,1128
boise st,1129
boise st,1129
boise st.,1129
boise st.,1129
boise state,1129
boise state,1129
Boise State University ,1129
boise-state,1129
boise-state,1129
boston,1131
boston,1131
boston college,1130
boston college,1130
boston u,1131
boston u,1131
boston u.,1131
boston u.,1131
boston univ,1131
boston univ,1131
boston university,1131
boston university,1131
boston-college,1130
boston-college,1130
boston-university,1131
boston-university,1131
bowling green,1132
bowling green,1132
bowling green state,1132
bowling green state,1132
Bowling Green State University ,1132
bowling-green,1132
bowling-green,1132
bowling-green-state,1132
bowling-green-state,1132
bradley,1133
bradley,1133
Bradley University ,1133
brigham young,1140
brigham young,1140
Brigham Young University ,1140
brigham-young,1140
brigham-young,1140
brooklyn,1134
brooklyn,1134
brown,1135
brown,1135
Brown University ,1135
bryant,1136
bryant,1136
bryant university,1136
bryant university,1136
Bryant University ,1136
bucknell,1137
bucknell,1137
Bucknell University ,1137
buffalo,1138
buffalo,1138
butler,1139
butler,1139
Butler University ,1139
byu,1140
byu,1140
c michigan,1141
c michigan,1141
cal poly,1142
cal poly,1142
cal poly slo,1142
cal poly slo,1142
cal riverside,1415
cal riverside,1415
cal st. fullerton,1168
cal st. fullerton,1168
cal st. northridge,1169
cal st. northridge,1169
cal state bakersfield,1167
cal state bakersfield,1167
cal state fullerton,1168
cal state fullerton,1168
cal state northridge,1169
cal state northridge,1169
cal. state - bakersfield,1167
cal. state - bakersfield,1167
california,1143
california,1143
California Polytechnic State University ,1142
"California State University, Bakersfield ",1167
"California State University, Fresno ",1201
"California State University, Fullerton ",1168
"California State University, Long Beach ",1253
"California State University, Northridge ",1169
"California State University, Sacramento ",1170
california-davis,1413
california-davis,1413
california-irvine,1414
california-irvine,1414
california-riverside,1415
california-riverside,1415
california-santa barbara,1364
california-santa barbara,1364
california-santa-barbara,1364
california-santa-barbara,1364
cal-poly,1142
cal-poly,1142
cal-state-bakersfield,1167
cal-state-bakersfield,1167
cal-state-fullerton,1168
cal-state-fullerton,1168
cal-state-northridge,1169
cal-state-northridge,1169
campbell,1144
campbell,1144
Campbell University ,1144
canisius,1145
canisius,1145
Canisius College ,1145
cent arkansas,1146
cent arkansas,1146
centenary,1147
centenary,1147
centenary (la),1147
centenary (la),1147
Centenary (La.),1147
Centenary (La.),1147
central ark.,1146
central ark.,1146
central arkansas,1146
central arkansas,1146
central conn,1148
central conn,1148
central conn. st.,1148
central conn. st.,1148
central connecticut,1148
central connecticut,1148
central connecticut state,1148
central connecticut state,1148
Central Connecticut State University ,1148
central florida,1416
central florida,1416
central florida(ucf),1416
central florida(ucf),1416
central mich.,1141
central mich.,1141
central michigan,1141
central michigan,1141
Central Michigan University ,1141
central-arkansas,1146
central-arkansas,1146
central-connecticut-state,1148
central-connecticut-state,1148
central-florida,1416
central-florida,1416
central-michigan,1141
central-michigan,1141
charleston,1158
charleston,1158
charleston so,1149
charleston so,1149
charleston so.,1149
charleston so.,1149
charleston southern,1149
charleston southern,1149
Charleston Southern University ,1149
charleston-southern,1149
charleston-southern,1149
charlotte,1150
charlotte,1150
chattanooga,1151
chattanooga,1151
chicago st,1152
chicago st,1152
chicago st.,1152
chicago st.,1152
chicago state,1152
chicago state,1152
Chicago State University ,1152
chicago-state,1152
chicago-state,1152
cincinnati,1153
cincinnati,1153
citadel,1154
citadel,1154
clemson,1155
clemson,1155
Clemson University ,1155
cleveland st,1156
cleveland st,1156
cleveland st.,1156
cleveland st.,1156
cleveland state,1156
cleveland state,1156
Cleveland State University ,1156
cleveland-state,1156
cleveland-state,1156
coastal car,1157
coastal car,1157
coastal caro.,1157
coastal caro.,1157
coastal carolina,1157
coastal carolina,1157
Coastal Carolina University ,1157
coastal-carolina,1157
coastal-carolina,1157
col charleston,1158
col charleston,1158
col. of charleston,1158
col. of charleston,1158
colgate,1159
colgate,1159
Colgate University ,1159
college of charlesto,1158
college of charlesto,1158
college of charleston,1158
college of charleston,1158
College of Charleston ,1158
College of the Holy Cross ,1221
College of William & Mary ,1456
college-of-charleston,1158
college-of-charleston,1158
colorado,1160
colorado,1160
colorado st,1161
colorado st,1161
colorado st.,1161
colorado st.,1161
colorado state,1161
colorado state,1161
Colorado State University ,1161
colorado-state,1161
colorado-state,1161
columbia,1162
columbia,1162
Columbia University ,1162
connecticut,1163
connecticut,1163
coppin st,1164
coppin st,1164
coppin st.,1164
coppin st.,1164
coppin state,1164
coppin state,1164
Coppin State University ,1164
coppin-state,1164
coppin-state,1164
cornell,1165
cornell,1165
Cornell University ,1165
creighton,1166
creighton,1166
Creighton University ,1166
cs bakersfield,1167
cs bakersfield,1167
cs fullerton,1168
cs fullerton,1168
cs northridge,1169
cs northridge,1169
cs sacramento,1170
cs sacramento,1170
csu northridge,1169
csu northridge,1169
dartmouth,1171
dartmouth,1171
Dartmouth College ,1171
davidson,1172
davidson,1172
Davidson College ,1172
dayton,1173
dayton,1173
delaware,1174
delaware,1174
delaware st,1175
delaware st,1175
delaware st.,1175
delaware st.,1175
delaware state,1175
delaware state,1175
Delaware State University ,1175
delaware-state,1175
delaware-state,1175
denver,1176
denver,1176
depaul,1177
depaul,1177
DePaul University ,1177
detroit,1178
detroit,1178
detroit mercy,1178
detroit mercy,1178
detroit-mercy,1178
detroit-mercy,1178
drake,1179
drake,1179
Drake University ,1179
drexel,1180
drexel,1180
Drexel University ,1180
duke,1181
duke,1181
Duke University ,1181
duquesne,1182
duquesne,1182
Duquesne University ,1182
e illinois,1183
e illinois,1183
e kentucky,1184
e kentucky,1184
e michigan,1185
e michigan,1185
e washington,1186
e washington,1186
east carolina,1187
east carolina,1187
East Carolina University ,1187
east tenn. st.,1190
east tenn. st.,1190
east tennessee st.,1190
east tennessee st.,1190
east tennessee state,1190
east tennessee state,1190
East Tennessee State University ,1190
east-carolina,1187
east-carolina,1187
eastern ill.,1183
eastern ill.,1183
eastern illinois,1183
eastern illinois,1183
Eastern Illinois University ,1183
eastern kentucky,1184
eastern kentucky,1184
Eastern Kentucky University ,1184
eastern ky.,1184
eastern ky.,1184
eastern mich.,1185
eastern mich.,1185
eastern michigan,1185
eastern michigan,1185
Eastern Michigan University ,1185
eastern wash.,1186
eastern wash.,1186
eastern washington,1186
eastern washington,1186
Eastern Washington University ,1186
eastern-illinois,1183
eastern-illinois,1183
eastern-kentucky,1184
eastern-kentucky,1184
eastern-michigan,1185
eastern-michigan,1185
eastern-washington,1186
eastern-washington,1186
east-tennessee-state,1190
east-tennessee-state,1190
edwardsville,1188
edwardsville,1188
elon,1189
elon,1189
elon university,1189
elon university,1189
Elon University ,1189
estern carolina,1441
estern carolina,1441
etsu,1190
etsu,1190
evansville,1191
evansville,1191
f dickinson,1192
f dickinson,1192
fairfield,1193
fairfield,1193
Fairfield University ,1193
fairleigh dickinson,1192
fairleigh dickinson,1192
Fairleigh Dickinson University ,1192
fairleigh-dickinson,1192
fairleigh-dickinson,1192
fgcu,1195
fgcu,1195
fiu,1198
fiu,1198
fl atlantic,1194
fl atlantic,1194
fl gulf coast,1195
fl gulf coast,1195
fla. atlantic,1194
fla. atlantic,1194
florida,1196
florida,1196
florida a&m,1197
florida a&m,1197
Florida Agricultural and Mechanical University ,1197
florida atlantic,1194
florida atlantic,1194
Florida Atlantic University ,1194
florida gulf coast,1195
florida gulf coast,1195
Florida Gulf Coast University ,1195
florida internationa,1198
florida internationa,1198
florida international,1198
florida international,1198
Florida International University ,1198
florida intl,1198
florida intl,1198
florida st,1199
florida st,1199
florida st.,1199
florida st.,1199
florida state,1199
florida state,1199
Florida State University ,1199
florida-am,1197
florida-am,1197
florida-atlantic,1194
florida-atlantic,1194
florida-gulf-coast,1195
florida-gulf-coast,1195
florida-international,1198
florida-international,1198
florida-state,1199
florida-state,1199
fordham,1200
fordham,1200
Fordham University ,1200
Fort Wayne,1236
fort wayne(ipfw),1236
fort wayne(ipfw),1236
fresno st,1201
fresno st,1201
fresno st.,1201
fresno st.,1201
fresno state,1201
fresno state,1201
fresno-state,1201
fresno-state,1201
furman,1202
furman,1202
Furman University ,1202
g washington,1203
g washington,1203
ga southern,1204
ga southern,1204
ga. southern,1204
ga. southern,1204
gardner webb,1205
gardner webb,1205
gardner-webb,1205
gardner-webb,1205
Gardner–Webb,1205
Gardner–Webb University ,1205
Gardner–Webb University (Gardner–Webb),1205
george mason,1206
george mason,1206
George Mason University ,1206
george washington,1203
george washington,1203
George Washington University ,1203
george-mason,1206
george-mason,1206
georgetown,1207
georgetown,1207
Georgetown University ,1207
george-washington,1203
george-washington,1203
georgia,1208
georgia,1208
Georgia Institute of Technology ,1210
georgia southern,1204
georgia southern,1204
Georgia Southern University ,1204
georgia st,1209
georgia st,1209
georgia st.,1209
georgia st.,1209
georgia state,1209
georgia state,1209
Georgia State University ,1209
georgia tech,1210
georgia tech,1210
georgia-southern,1204
georgia-southern,1204
georgia-state,1209
georgia-state,1209
georgia-tech,1210
georgia-tech,1210
gonzaga,1211
gonzaga,1211
Gonzaga University ,1211
grambling,1212
grambling,1212
grambling st.,1212
grambling st.,1212
grambling state,1212
grambling state,1212
Grambling State University ,1212
grambling-state,1212
grambling-state,1212
grand canyon,1213
grand canyon,1213
Grand Canyon University ,1213
grand-canyon,1213
grand-canyon,1213
green bay,1453
green bay,1453
green-bay,1453
green-bay,1453
hampton,1214
hampton,1214
Hampton University ,1214
hardin-simmons,1215
hardin-simmons,1215
hartford,1216
hartford,1216
harvard,1217
harvard,1217
Harvard University ,1217
hawai?i,1218
hawai?i,1218
hawaii,1218
hawaii,1218
high point,1219
high point,1219
High Point University ,1219
high-point,1219
high-point,1219
hofstra,1220
hofstra,1220
Hofstra University ,1220
holy cross,1221
holy cross,1221
holy-cross,1221
holy-cross,1221
houston,1222
houston,1222
houston bap,1223
houston bap,1223
houston baptist,1223
houston baptist,1223
Houston Baptist University ,1223
houston-baptist,1223
houston-baptist,1223
howard,1224
howard,1224
Howard University ,1224
idaho,1225
idaho,1225
idaho st,1226
idaho st,1226
idaho st.,1226
idaho st.,1226
idaho state,1226
idaho state,1226
Idaho State University ,1226
idaho-state,1226
idaho-state,1226
il chicago,1227
il chicago,1227
ill.-chicago,1227
ill.-chicago,1227
illinois,1228
illinois,1228
illinois st,1229
illinois st,1229
illinois st.,1229
illinois st.,1229
illinois state,1229
illinois state,1229
Illinois State University ,1229
illinois-chicago,1227
illinois-chicago,1227
illinois-state,1229
illinois-state,1229
incarnate word,1230
incarnate word,1230
incarnate-word,1230
incarnate-word,1230
indiana,1231
indiana,1231
indiana - purdue,1237
indiana - purdue,1237
indiana st,1232
indiana st,1232
indiana st.,1232
indiana st.,1232
indiana state,1232
indiana state,1232
Indiana State University ,1232
Indiana University – Purdue University Fort Wayne ,1236
Indiana University – Purdue University Fort Wayne (Fort Wayne),1236
Indiana University – Purdue University Indianapolis ,1237
Indiana University Bloomington ,1231
indiana-state,1232
indiana-state,1232
iona,1233
iona,1233
Iona College ,1233
iowa,1234
iowa,1234
iowa st,1235
iowa st,1235
iowa st.,1235
iowa st.,1235
iowa state,1235
iowa state,1235
Iowa State University ,1235
iowa-state,1235
iowa-state,1235
ipfw,1236
ipfw,1236
iupu - ft. wayne,1236
iupu - ft. wayne,1236
iupu-fort wayne,1236
iupu-fort wayne,1236
iupu-fort-wayne,1236
iupu-fort-wayne,1236
iupui,1237
iupui,1237
jackson st,1238
jackson st,1238
jackson st.,1238
jackson st.,1238
jackson state,1238
jackson state,1238
Jackson State University ,1238
jackson-state,1238
jackson-state,1238
jacksonville,1239
jacksonville,1239
jacksonville st,1240
jacksonville st,1240
jacksonville st.,1240
jacksonville st.,1240
jacksonville state,1240
jacksonville state,1240
Jacksonville State University ,1240
Jacksonville University ,1239
jacksonville-state,1240
jacksonville-state,1240
james madison,1241
james madison,1241
James Madison University ,1241
james-madison,1241
james-madison,1241
kansas,1242
kansas,1242
kansas st,1243
kansas st,1243
kansas st.,1243
kansas st.,1243
kansas state,1243
kansas state,1243
Kansas State University ,1243
kansas-state,1243
kansas-state,1243
kennesaw,1244
kennesaw,1244
kennesaw st.,1244
kennesaw st.,1244
kennesaw state,1244
kennesaw state,1244
Kennesaw State University ,1244
kennesaw-state,1244
kennesaw-state,1244
kent,1245
kent,1245
kent st.,1245
kent st.,1245
kent state,1245
kent state,1245
Kent State University ,1245
kent-state,1245
kent-state,1245
kentucky,1246
kentucky,1246
la salle,1247
la salle,1247
La Salle University,1247
la.-lafayette,1418
la.-lafayette,1418
la.-monroe,1419
la.-monroe,1419
lafayette,1248
lafayette,1248
Lafayette College ,1248
lamar,1249
lamar,1249
Lamar University ,1249
la-salle,1247
la-salle,1247
lehigh,1250
lehigh,1250
Lehigh University ,1250
liberty,1251
liberty,1251
Liberty University ,1251
lipscomb,1252
lipscomb,1252
Lipscomb University ,1252
little rock,1114
little rock,1114
liu brooklyn,1254
liu brooklyn,1254
liu-brooklyn,1254
liu-brooklyn,1254
long beach st,1253
long beach st,1253
long beach st.,1253
long beach st.,1253
long beach state,1253
long beach state,1253
long island,1254
long island,1254
long island university,1254
long island university,1254
Long Island University (Brooklyn Campus) (LIU Brooklyn),1254
Long Island University (Brooklyn),1254
long-beach-state,1253
long-beach-state,1253
long-island,1254
long-island,1254
long-island-university,1254
long-island-university,1254
longwood,1255
longwood,1255
Longwood University ,1255
louisiana state,1261
louisiana state,1261
Louisiana State University ,1261
louisiana tech,1256
louisiana tech,1256
Louisiana Tech University ,1256
louisiana-lafayette,1418
louisiana-lafayette,1418
louisiana-monroe,1419
louisiana-monroe,1419
louisiana-state,1261
louisiana-state,1261
louisiana-tech,1256
louisiana-tech,1256
louisville,1257
louisville,1257
loy marymount,1258
loy marymount,1258
loyola (il),1260
loyola (il),1260
loyola (md),1259
loyola (md),1259
loyola chicago,1260
loyola chicago,1260
loyola maryland,1259
loyola maryland,1259
loyola marymount,1258
loyola marymount,1258
Loyola Marymount University ,1258
loyola md,1259
loyola md,1259
Loyola University Chicago ,1260
Loyola University Maryland ,1259
loyola-c,1260
loyola-c,1260
loyola-chicago,1260
loyola-chicago,1260
loyola-il,1260
loyola-il,1260
loyola-maryland,1259
loyola-maryland,1259
loyola-marymount,1258
loyola-marymount,1258
loyola-md,1259
loyola-md,1259
lsu,1261
lsu,1261
ma lowell,1262
ma lowell,1262
maine,1263
maine,1263
manhattan,1264
manhattan,1264
Manhattan College ,1264
marist,1265
marist,1265
Marist College ,1265
marquette,1266
marquette,1266
Marquette University ,1266
marshall,1267
marshall,1267
Marshall University ,1267
maryland,1268
maryland,1268
maryland - e. shore,1271
maryland - e. shore,1271
maryland eastern shore,1271
maryland eastern shore,1271
maryland-baltimore county,1420
maryland-baltimore county,1420
maryland-baltimore-county,1420
maryland-baltimore-county,1420
maryland-eastern shore,1271
maryland-eastern shore,1271
maryland-eastern-shore,1271
maryland-eastern-shore,1271
massachusetts,1269
massachusetts,1269
massachusetts lowell,1262
massachusetts lowell,1262
massachusetts-lowell,1262
massachusetts-lowell,1262
mcneese st,1270
mcneese st,1270
mcneese st.,1270
mcneese st.,1270
mcneese state,1270
mcneese state,1270
McNeese State University ,1270
mcneese-state,1270
mcneese-state,1270
md baltimore co,1420
md baltimore co,1420
md baltimore cty,1420
md baltimore cty,1420
md e shore,1271
md e shore,1271
md. eastern shore,1271
md. eastern shore,1271
memphis,1272
memphis,1272
mercer,1273
mercer,1273
Mercer University ,1273
miami - florida,1274
miami - florida,1274
miami (fl),1274
miami (fl),1274
miami (oh),1275
miami (oh),1275
miami fl,1274
miami fl,1274
miami oh,1275
miami oh,1275
Miami University ,1325
miami-fl,1274
miami-fl,1274
miami-florida,1274
miami-florida,1274
miami-oh,1275
miami-oh,1275
miami-ohio,1275
miami-ohio,1275
michigan,1276
michigan,1276
michigan st,1277
michigan st,1277
michigan st.,1277
michigan st.,1277
michigan state,1277
michigan state,1277
Michigan State University ,1277
michigan-state,1277
michigan-state,1277
middle tenn st,1292
middle tenn st,1292
middle tenn st.,1292
middle tenn st.,1292
middle tenn.,1292
middle tenn.,1292
middle tennessee,1292
middle tennessee,1292
middle tennessee st.,1292
middle tennessee st.,1292
Middle Tennessee State University ,1292
middle-tennessee,1292
middle-tennessee,1292
middle-tennessee-state,1292
middle-tennessee-state,1292
milwaukee,1454
milwaukee,1454
minnesota,1278
minnesota,1278
miss valley st.,1290
miss valley st.,1290
Miss Valley State,1290
mississippi,1279
mississippi,1279
mississippi st,1280
mississippi st,1280
mississippi st.,1280
mississippi st.,1280
mississippi state,1280
mississippi state,1280
Mississippi State University ,1280
mississippi val.,1290
mississippi val.,1290
mississippi valley state,1290
mississippi valley state,1290
Mississippi Valley State University ,1290
Mississippi Valley State University (Miss Valley State),1290
mississippi-state,1280
mississippi-state,1280
mississippi-valley-state,1290
mississippi-valley-state,1290
missouri,1281
missouri,1281
missouri kc,1282
missouri kc,1282
missouri st,1283
missouri st,1283
missouri st.,1283
missouri st.,1283
missouri state,1283
missouri state,1283
Missouri State University ,1283
missouri-kansas city,1282
missouri-kansas city,1282
missouri-kansas-city,1282
missouri-kansas-city,1282
missouri-state,1283
missouri-state,1283
mo kansas city,1282
mo kansas city,1282
monmouth,1284
monmouth,1284
monmouth nj,1284
monmouth nj,1284
Monmouth University ,1284
monmouth-nj,1284
monmouth-nj,1284
montana,1285
montana,1285
montana st,1286
montana st,1286
montana st.,1286
montana st.,1286
montana state,1286
montana state,1286
Montana State University ,1286
montana-state,1286
montana-state,1286
morehead st,1287
morehead st,1287
morehead st.,1287
morehead st.,1287
morehead state,1287
morehead state,1287
Morehead State University ,1287
morehead-state,1287
morehead-state,1287
morgan st,1288
morgan st,1288
morgan st.,1288
morgan st.,1288
morgan state,1288
morgan state,1288
Morgan State University ,1288
morgan-state,1288
morgan-state,1288
morris brown,1289
morris brown,1289
morris-brown,1289
morris-brown,1289
mount saint marys,1291
mount saint marys,1291
mount saint mary's,1291
mount saint mary's,1291
mount st. marys,1291
mount st. marys,1291
mount st. mary's,1291
mount st. mary's,1291
Mount St. Mary's University ,1291
mount-st-marys,1291
mount-st-marys,1291
ms valley st,1290
ms valley st,1290
ms valley state,1290
ms valley state,1290
mt st mary's,1291
mt st mary's,1291
mt st. mary's,1291
mt st. mary's,1291
mt. st. mary`s,1291
mt. st. mary`s,1291
mtsu,1292
mtsu,1292
murray st,1293
murray st,1293
murray st.,1293
murray st.,1293
murray state,1293
murray state,1293
Murray State University ,1293
murray-state,1293
murray-state,1293
mvsu(miss. valley st,1290
mvsu(miss. valley st,1290
n colorado,1294
n colorado,1294
n dakota st,1295
n dakota st,1295
n illinois,1296
n illinois,1296
n kentucky,1297
n kentucky,1297
n. carolina a&t,1299
n. carolina a&t,1299
n.c. a&t,1299
n.c. a&t,1299
n.c. asheville,1421
n.c. asheville,1421
n.c. central,1300
n.c. central,1300
n.c. state,1301
n.c. state,1301
n.j.i.t.,1312
n.j.i.t.,1312
navy,1298
navy,1298
nc a&t,1299
nc a&t,1299
nc asheville,1421
nc asheville,1421
nc central,1300
nc central,1300
nc charlotte,1150
nc charlotte,1150
nc greensboro,1422
nc greensboro,1422
nc state,1301
nc state,1301
nc wilmington,1423
nc wilmington,1423
NCCU,1300
nc-greensboro,1422
nc-greensboro,1422
nc-wilmington,1423
nc-wilmington,1423
ne illinois,1302
ne illinois,1302
ne omaha,1303
ne omaha,1303
nebraska,1304
nebraska,1304
nebraska omaha,1303
nebraska omaha,1303
nebraska-omaha,1303
nebraska-omaha,1303
nevada,1305
nevada,1305
nevada-las vegas,1424
nevada-las vegas,1424
nevada-las-vegas,1424
nevada-las-vegas,1424
new hampshire,1306
new hampshire,1306
New Jersey Institute of Technology ,1312
new jersey tech,1312
new jersey tech,1312
new mexico,1307
new mexico,1307
new mexico st,1308
new mexico st,1308
new mexico st.,1308
new mexico st.,1308
new mexico state,1308
new mexico state,1308
New Mexico State University ,1308
new orleans,1309
new orleans,1309
new-hampshire,1306
new-hampshire,1306
new-jersey-tech,1312
new-jersey-tech,1312
new-mexico,1307
new-mexico,1307
new-mexico-state,1308
new-mexico-state,1308
new-orleans,1309
new-orleans,1309
niagara,1310
niagara,1310
Niagara University ,1310
nicholls,1311
nicholls,1311
nicholls st,1311
nicholls st,1311
nicholls st.,1311
nicholls st.,1311
nicholls state,1311
nicholls state,1311
Nicholls State University ,1311
nicholls-state,1311
nicholls-state,1311
njit,1312
njit,1312
no.carolina a&t,1299
no.carolina a&t,1299
norfolk st,1313
norfolk st,1313
norfolk st.,1313
norfolk st.,1313
norfolk state,1313
norfolk state,1313
Norfolk State University ,1313
norfolk-state,1313
norfolk-state,1313
north carolina,1314
north carolina,1314
north carolina a&t,1299
north carolina a&t,1299
North Carolina Agricultural and Technical State University ,1299
north carolina central,1300
north carolina central,1300
North Carolina Central University ,1300
North Carolina Central University (NCCU),1300
north carolina st.,1301
north carolina st.,1301
north carolina state,1301
north carolina state,1301
North Carolina State University ,1301
north carolina-asheville,1421
north carolina-asheville,1421
north carolina-greensboro,1422
north carolina-greensboro,1422
north carolina-wilmington,1423
north carolina-wilmington,1423
north dakota,1315
north dakota,1315
north dakota st.,1295
north dakota st.,1295
north dakota state,1295
north dakota state,1295
North Dakota State University ,1295
north florida,1316
north florida,1316
north texas,1317
north texas,1317
north-carolina,1314
north-carolina,1314
north-carolina-asheville,1421
north-carolina-asheville,1421
north-carolina-at,1299
north-carolina-at,1299
north-carolina-central,1300
north-carolina-central,1300
north-carolina-charlotte,1150
north-carolina-charlotte,1150
north-carolina-greensboro,1422
north-carolina-greensboro,1422
north-carolina-state,1301
north-carolina-state,1301
north-carolina-wilmington,1423
north-carolina-wilmington,1423
north-dakota,1315
north-dakota,1315
north-dakota-state,1295
north-dakota-state,1295
northeastern,1318
northeastern,1318
northeastern illinois,1302
northeastern illinois,1302
Northeastern University ,1318
northern ariz.,1319
northern ariz.,1319
northern arizona,1319
northern arizona,1319
Northern Arizona University ,1319
northern colo.,1294
northern colo.,1294
northern colorado,1294
northern colorado,1294
northern ill.,1296
northern ill.,1296
northern illinois,1296
northern illinois,1296
Northern Illinois University ,1296
northern iowa,1320
northern iowa,1320
northern kentucky,1297
northern kentucky,1297
Northern Kentucky University ,1297
northern ky.,1297
northern ky.,1297
northern-arizona,1319
northern-arizona,1319
northern-colorado,1294
northern-colorado,1294
northern-illinois,1296
northern-illinois,1296
northern-iowa,1320
northern-iowa,1320
northern-kentucky,1297
northern-kentucky,1297
north-florida,1316
north-florida,1316
north-texas,1317
north-texas,1317
northwestern,1321
northwestern,1321
northwestern la,1322
northwestern la,1322
northwestern st.,1322
northwestern st.,1322
northwestern state,1322
northwestern state,1322
Northwestern State University ,1322
Northwestern University ,1321
northwestern-state,1322
northwestern-state,1322
notre dame,1323
notre dame,1323
notre-dame,1323
notre-dame,1323
oakland,1324
oakland,1324
Oakland University ,1324
ohio,1325
ohio,1325
ohio st,1326
ohio st,1326
ohio st.,1326
ohio st.,1326
ohio state,1326
ohio state,1326
Ohio State University ,1326
Ohio University ,1325
ohio-state,1326
ohio-state,1326
okla city,1327
okla city,1327
oklahoma,1328
oklahoma,1328
oklahoma city,1327
oklahoma city,1327
oklahoma st,1329
oklahoma st,1329
oklahoma st.,1329
oklahoma st.,1329
oklahoma state,1329
oklahoma state,1329
Oklahoma State University–Stillwater ,1329
oklahoma-state,1329
oklahoma-state,1329
old dominion,1330
old dominion,1330
Old Dominion University ,1330
old-dominion,1330
old-dominion,1330
ole miss,1279
ole miss,1279
omaha,1303
omaha,1303
oral roberts,1331
oral roberts,1331
Oral Roberts University ,1331
oral-roberts,1331
oral-roberts,1331
oregon,1332
oregon,1332
oregon st,1333
oregon st,1333
oregon st.,1333
oregon st.,1333
oregon state,1333
oregon state,1333
Oregon State University ,1333
oregon-state,1333
oregon-state,1333
pacific,1334
pacific,1334
penn,1335
penn,1335
penn st,1336
penn st,1336
penn st.,1336
penn st.,1336
penn state,1336
penn state,1336
penn-state,1336
penn-state,1336
pennsylvania,1335
pennsylvania,1335
Pennsylvania State University ,1336
pepperdine,1337
pepperdine,1337
Pepperdine University ,1337
pitt,1338
pitt,1338
pittsburgh,1338
pittsburgh,1338
portland,1339
portland,1339
portland st,1340
portland st,1340
portland st.,1340
portland st.,1340
portland state,1340
portland state,1340
Portland State University ,1340
portland-state,1340
portland-state,1340
prairie view,1341
prairie view,1341
prairie view a&m,1341
prairie view a&m,1341
Prairie View A&M University ,1341
prairie-view-am,1341
prairie-view-am,1341
presbyterian,1342
presbyterian,1342
Presbyterian College ,1342
princeton,1343
princeton,1343
Princeton University ,1343
providence,1344
providence,1344
Providence College ,1344
purdue,1345
purdue,1345
Purdue University ,1345
quinnipiac,1346
quinnipiac,1346
Quinnipiac University ,1346
radford,1347
radford,1347
Radford University ,1347
rhode island,1348
rhode island,1348
rhode-island,1348
rhode-island,1348
rice,1349
rice,1349
Rice University ,1349
richmond,1350
richmond,1350
rider,1351
rider,1351
Rider University ,1351
robert morris,1352
robert morris,1352
Robert Morris University ,1352
robert-morris,1352
robert-morris,1352
rutgers,1353
rutgers,1353
Rutgers University–New Brunswick ,1353
s carolina st,1354
s carolina st,1354
s carolina state,1354
s carolina state,1354
s dakota st,1355
s dakota st,1355
s illinois,1356
s illinois,1356
sacramento st.,1170
sacramento st.,1170
sacramento state,1170
sacramento state,1170
sacramento-state,1170
sacramento-state,1170
sacred heart,1357
sacred heart,1357
Sacred Heart University ,1357
sacred-heart,1357
sacred-heart,1357
saint francis (pa),1384
saint francis (pa),1384
Saint Francis University (St. Francis (PA)),1384
saint joseph`s,1386
saint joseph`s,1386
saint joseph's,1386
saint joseph's,1386
Saint Joseph's University ,1386
saint louis,1387
saint louis,1387
Saint Louis University ,1387
Saint Mary’s (CA),1388
Saint Mary’s (CA),1388
saint mary's,1388
saint mary's,1388
saint mary's (ca),1388
saint mary's (ca),1388
Saint Mary's College of California ,1388
saint peter`s,1389
saint peter`s,1389
saint peter's,1389
saint peter's,1389
Saint Peter's University ,1389
saint-francis-pa,1384
saint-francis-pa,1384
saint-josephs,1386
saint-josephs,1386
saint-louis,1387
saint-louis,1387
saint-marys,1388
saint-marys,1388
saint-marys-ca,1388
saint-marys-ca,1388
saint-peters,1389
saint-peters,1389
sam houston st,1358
sam houston st,1358
sam houston st.,1358
sam houston st.,1358
sam houston state,1358
sam houston state,1358
Sam Houston State University ,1358
samford,1359
samford,1359
Samford University ,1359
sam-houston-state,1358
sam-houston-state,1358
san diego,1360
san diego,1360
san diego st,1361
san diego st,1361
san diego st.,1361
san diego st.,1361
san diego state,1361
san diego state,1361
San Diego State University ,1361
san francisco,1362
san francisco,1362
san jose st,1363
san jose st,1363
san jose st.,1363
san jose st.,1363
san jose state,1363
san jose state,1363
San Jose State University ,1363
san-diego,1360
san-diego,1360
san-diego-state,1361
san-diego-state,1361
san-francisco,1362
san-francisco,1362
san-jose-state,1363
san-jose-state,1363
santa barbara,1364
santa barbara,1364
santa clara,1365
santa clara,1365
Santa Clara University ,1365
santa-clara,1365
santa-clara,1365
savannah st,1366
savannah st,1366
savannah st.,1366
savannah st.,1366
savannah state,1366
savannah state,1366
Savannah State University,1366
savannah-state,1366
savannah-state,1366
sc state,1354
sc state,1354
sc upstate,1367
sc upstate,1367
sd state,1361
sd state,1361
se louisiana,1368
se louisiana,1368
se missouri st,1369
se missouri st,1369
se missouri st.,1369
se missouri st.,1369
se missouri st.(se,1369
se missouri st.(se,1369
se missouri state,1369
se missouri state,1369
seattle,1370
seattle,1370
Seattle University ,1370
seton hall,1371
seton hall,1371
Seton Hall University ,1371
seton-hall,1371
seton-hall,1371
sf austin,1372
sf austin,1372
siena,1373
siena,1373
Siena College ,1373
siu - edwardsville,1188
siu - edwardsville,1188
siu edwardsville,1188
siu edwardsville,1188
siu-edwardsville,1188
siu-edwardsville,1188
sju (pa),1386
sju (pa),1386
smu,1374
smu,1374
south ala.,1375
south ala.,1375
south alabama,1375
south alabama,1375
south carolina,1376
south carolina,1376
south carolina st.,1354
south carolina st.,1354
south carolina state,1354
south carolina state,1354
South Carolina State University ,1354
south carolina upstat,1367
south carolina upstat,1367
south carolina upstate,1367
south carolina upstate,1367
south dakota,1377
south dakota,1377
south dakota st.,1355
south dakota st.,1355
south dakota state,1355
south dakota state,1355
South Dakota State University ,1355
south fla.,1378
south fla.,1378
south florida,1378
south florida,1378
south-alabama,1375
south-alabama,1375
south-carolina,1376
south-carolina,1376
south-carolina-state,1354
south-carolina-state,1354
south-carolina-upstate,1367
south-carolina-upstate,1367
south-dakota,1377
south-dakota,1377
south-dakota-state,1355
south-dakota-state,1355
southeast missouri state,1369
southeast missouri state,1369
Southeast Missouri State University ,1369
southeast mo. st.,1369
southeast mo. st.,1369
southeastern la.,1368
southeastern la.,1368
southeastern louisiana,1368
southeastern louisiana,1368
Southeastern Louisiana University ,1368
southeastern-louisiana,1368
southeastern-louisiana,1368
southeast-missouri-state,1369
southeast-missouri-state,1369
southern,1380
southern,1380
southern california,1425
southern california,1425
southern ill.,1356
southern ill.,1356
southern illinois,1356
southern illinois,1356
Southern Illinois University Carbondale ,1356
Southern Illinois University Edwardsville ,1188
southern illinois-edwardsville,1188
southern illinois-edwardsville,1188
southern methodist,1374
southern methodist,1374
Southern Methodist University ,1374
southern miss,1379
southern miss,1379
southern miss.,1379
southern miss.,1379
southern mississippi,1379
southern mississippi,1379
southern u,1380
southern u,1380
southern u.,1380
southern u.,1380
southern un,1380
southern un,1380
southern univ,1380
southern univ,1380
Southern University ,1380
southern utah,1381
southern utah,1381
Southern Utah University ,1381
southern-california,1425
southern-california,1425
southern-illinois,1356
southern-illinois,1356
southern-illinois-edwardsville,1188
southern-illinois-edwardsville,1188
southern-methodist,1374
southern-methodist,1374
southern-miss,1379
southern-miss,1379
southern-mississippi,1379
southern-mississippi,1379
southern-university,1380
southern-university,1380
southern-utah,1381
southern-utah,1381
south-florida,1378
south-florida,1378
st bonaventure,1382
st bonaventure,1382
st francis (ny),1383
st francis (ny),1383
st francis (pa),1384
st francis (pa),1384
st francis ny,1383
st francis ny,1383
st francis pa,1384
st francis pa,1384
st john's,1385
st john's,1385
st john's (ny),1385
st john's (ny),1385
st joseph's,1386
st joseph's,1386
st joseph's pa,1386
st joseph's pa,1386
st louis,1387
st louis,1387
st mary's (ca),1388
st mary's (ca),1388
st mary's ca,1388
st mary's ca,1388
st peter's,1389
st peter's,1389
st. bonaventure,1382
st. bonaventure,1382
St. Bonaventure University ,1382
st. francis (bkn),1383
st. francis (bkn),1383
st. francis (ny),1383
st. francis (ny),1383
st. francis (pa),1384
St. Francis (PA),1384
st. francis (pa),1384
st. francis brooklyn,1383
st. francis brooklyn,1383
St. Francis College ,1383
St. Francis PA,1384
st. francis-ny,1383
st. francis-ny,1383
st. john`s (ny),1385
st. john`s (ny),1385
st. john's,1385
st. john's,1385
st. john's (ny),1385
st. john's (ny),1385
St. John's University ,1385
st. joseph's,1386
st. joseph's,1386
st. joseph's pa,1386
st. joseph's pa,1386
st. mary`s (ca),1388
st. mary`s (ca),1388
st. mary's,1388
st. mary's,1388
St. Peter’s,1389
St. Peter’s,1389
st. peter's,1389
st. peter's,1389
stanford,1390
stanford,1390
Stanford University ,1390
st-bonaventure,1382
st-bonaventure,1382
stephen f. austin,1372
stephen f. austin,1372
Stephen F. Austin State University ,1372
stephen-f-austin,1372
stephen-f-austin,1372
stetson,1391
stetson,1391
Stetson University ,1391
st-francis-ny,1383
st-francis-ny,1383
st-francis-pa,1384
st-francis-pa,1384
st-johns,1385
st-johns,1385
st-johns-ny,1385
st-johns-ny,1385
st-josephs-pa,1386
st-josephs-pa,1386
stony brook,1392
stony brook,1392
Stony Brook University ,1392
stony-brook,1392
stony-brook,1392
st-peters,1389
st-peters,1389
sw missouri st.,1283
sw missouri st.,1283
syracuse,1393
syracuse,1393
Syracuse University ,1393
tam c,1394
tam c,1394
tam c. christi,1394
tam c. christi,1394
tcu,1395
tcu,1395
temple,1396
temple,1396
Temple University ,1396
tennessee,1397
tennessee,1397
tennessee st,1398
tennessee st,1398
tennessee st.,1398
tennessee st.,1398
tennessee state,1398
tennessee state,1398
Tennessee State University ,1398
tennessee tech,1399
tennessee tech,1399
Tennessee Technological University ,1399
tennessee-martin,1404
tennessee-martin,1404
tennessee-state,1398
tennessee-state,1398
tennessee-tech,1399
tennessee-tech,1399
tenn-martin,1404
tenn-martin,1404
tex.-pan american,1410
tex.-pan american,1410
texas,1400
texas,1400
texas a&m,1401
texas a&m,1401
texas a&m cc,1394
texas a&m cc,1394
texas a&m corpus,1394
texas a&m corpus,1394
Texas A&M University,1401
Texas A&M University-Corpus Christi,1394
Texas A&M University-Corpus Christi,1394
texas a&m-cc,1394
texas a&m-cc,1394
texas a&m-corpus christi,1394
texas a&m-corpus christi,1394
texas arlington,1426
texas arlington,1426
texas christian,1395
texas christian,1395
Texas Christian University ,1395
texas rio grande valley,1410
texas rio grande valley,1410
texas san antonio,1427
texas san antonio,1427
texas southern,1411
texas southern,1411
Texas Southern University ,1411
texas st,1402
texas st,1402
texas st.,1402
texas st.,1402
texas state,1402
texas state,1402
Texas State University ,1402
texas tech,1403
texas tech,1403
Texas Tech University ,1403
texas-am,1401
texas-am,1401
texas-am-corpus-christi,1394
texas-am-corpus-christi,1394
texas-arlington,1426
texas-arlington,1426
texas-christian,1395
texas-christian,1395
texas-el paso,1431
texas-el paso,1431
texas-el-paso,1431
texas-el-paso,1431
texas-pan american,1410
texas-pan american,1410
texas-pan-american,1410
texas-pan-american,1410
texas-rio grande valley,1410
texas-rio grande valley,1410
texas-san antonio,1427
texas-san antonio,1427
texas-san antonio(ut,1427
texas-san antonio(ut,1427
texas-san-antonio,1427
texas-san-antonio,1427
texas-southern,1411
texas-southern,1411
texas-state,1402
texas-state,1402
texas-tech,1403
texas-tech,1403
The Citadel,1154
tn martin,1404
tn martin,1404
toledo,1405
toledo,1405
towson,1406
towson,1406
Towson University ,1406
troy,1407
troy,1407
troy st.,1407
troy st.,1407
Troy University ,1407
tulane,1408
tulane,1408
Tulane University ,1408
tulsa,1409
tulsa,1409
tx pan american,1410
tx pan american,1410
tx southern,1411
tx southern,1411
uab,1412
uab,1412
ualr,1114
ualr,1114
uc davis,1413
uc davis,1413
uc irvine,1414
uc irvine,1414
uc riverside,1415
uc riverside,1415
uc santa barbara,1364
uc santa barbara,1364
uc-davis,1413
uc-davis,1413
ucf,1416
ucf,1416
uc-irvine,1414
uc-irvine,1414
ucla,1417
ucla,1417
uconn,1163
uconn,1163
uc-riverside,1415
uc-riverside,1415
uc-santa barbara,1364
uc-santa barbara,1364
ucsb,1364
ucsb,1364
uic,1227
uic,1227
ull,1418
ull,1418
UL–Lafayette,1418
ulm,1419
ulm,1419
UL–Monroe,1419
umass,1269
umass,1269
umass lowell,1262
umass lowell,1262
umass-lowell,1262
umass-lowell,1262
umbc,1420
umbc,1420
umes,1271
umes,1271
umkc,1282
umkc,1282
unc,1314
unc,1314
unc asheville,1421
unc asheville,1421
unc greensboro,1422
unc greensboro,1422
unc wilmington,1423
unc wilmington,1423
uni,1320
uni,1320
United States Air Force Academy ,1102
United States Military Academy ,1119
United States Naval Academy ,1298
"University at Albany, SUNY ",1107
University at Buffalo ,1138
University of Akron ,1103
University of Alabama at Birmingham ,1412
University of Alabama ,1104
University of Arizona ,1112
University of Arkansas at Little Rock ,1114
University of Arkansas at Pine Bluff ,1115
University of Arkansas at Pine Bluff (Arkansas–Pine Bluff),1115
University of Arkansas ,1116
university of california,1143
university of california,1143
"University of California, Berkeley ",1143
"University of California, Davis ",1413
"University of California, Irvine ",1414
"University of California, Los Angeles ",1417
"University of California, Riverside ",1415
"University of California, Santa Barbara ",1364
University of Central Arkansas ,1146
University of Central Florida ,1416
University of Cincinnati ,1153
University of Colorado Boulder ,1160
University of Connecticut ,1163
University of Dayton ,1173
University of Delaware ,1174
University of Denver ,1176
University of Detroit Mercy ,1178
University of Evansville ,1191
University of Florida ,1196
University of Georgia ,1208
University of Hartford ,1216
University of Hawai?i at M?noa ,1218
University of Houston ,1222
University of Idaho ,1225
University of Illinois at Chicago ,1227
University of Illinois at Urbana–Champaign ,1228
University of Iowa ,1234
University of Kansas ,1242
University of Kentucky ,1246
University of Louisiana at Lafayette ,1418
University of Louisiana at Lafayette (UL–Lafayette),1418
University of Louisiana at Monroe ,1419
University of Louisiana at Monroe (UL–Monroe),1419
University of Louisville ,1257
University of Maine ,1263
University of Maryland Eastern Shore ,1271
"University of Maryland, Baltimore County ",1420
"University of Maryland, College Park ",1268
University of Massachusetts Amherst ,1269
University of Massachusetts Lowell ,1262
University of Memphis ,1272
University of Michigan ,1276
University of Minnesota ,1278
University of Mississippi ,1279
University of Missouri ,1281
University of Missouri–Kansas City ,1282
University of Montana ,1285
University of Nebraska Omaha ,1303
University of Nebraska–Lincoln ,1304
"University of Nevada, Las Vegas ",1424
"University of Nevada, Reno ",1305
University of New Hampshire ,1306
University of New Mexico ,1307
University of New Orleans ,1309
University of North Carolina at Asheville ,1421
University of North Carolina at Chapel Hill ,1314
University of North Carolina at Charlotte ,1150
University of North Carolina at Greensboro ,1422
University of North Carolina at Wilmington ,1423
University of North Dakota ,1315
University of North Florida ,1316
University of North Texas ,1317
University of Northern Colorado ,1294
University of Northern Iowa ,1320
University of Notre Dame ,1323
University of Oklahoma ,1328
University of Oregon ,1332
University of Pennsylvania ,1335
University of Pittsburgh ,1338
University of Portland ,1339
University of Rhode Island ,1348
University of Richmond ,1350
University of San Diego ,1360
University of San Francisco ,1362
University of South Alabama ,1375
University of South Carolina Upstate ,1367
University of South Carolina ,1376
University of South Dakota ,1377
University of South Florida ,1378
University of South Florida (USF),1378
University of Southern California ,1425
University of Southern Mississippi ,1379
University of Tennessee at Chattanooga ,1151
University of Tennessee at Martin ,1404
University of Tennessee at Martin (UT–Martin),1404
University of Tennessee ,1397
University of Texas at Arlington ,1426
University of Texas at Arlington (UT–Arlington),1426
University of Texas at Austin ,1400
University of Texas at El Paso ,1431
University of Texas at San Antonio ,1427
University of Texas Rio Grande Valley ,1410
University of the Incarnate Word ,1230
University of the Pacific ,1334
University of Toledo ,1405
University of Tulsa ,1409
University of Utah ,1428
University of Vermont ,1436
University of Virginia ,1438
University of Washington ,1449
University of Wisconsin–Green Bay ,1453
University of Wisconsin–Madison ,1458
University of Wisconsin–Milwaukee ,1454
University of Wyoming ,1461
unlv,1424
unlv,1424
usc,1425
usc,1425
usc upstate,1367
usc upstate,1367
usc-upstate,1367
usc-upstate,1367
USF,1378
ut arlington,1426
ut arlington,1426
ut martin,1404
ut martin,1404
ut san antonio,1427
ut san antonio,1427
utah,1428
utah,1428
utah st,1429
utah st,1429
utah st.,1429
utah st.,1429
utah state,1429
utah state,1429
Utah State University ,1429
utah valley,1430
utah valley,1430
utah valley st.,1430
utah valley st.,1430
Utah Valley University ,1430
utah-state,1429
utah-state,1429
utah-valley,1430
utah-valley,1430
utah-valley-state,1430
utah-valley-state,1430
UT–Arlington,1426
utep,1431
utep,1431
utica,1432
utica,1432
ut-martin,1404
ut-martin,1404
UT–Martin,1404
utrgv,1410
utrgv,1410
utsa,1427
utsa,1427
va commonwealth,1433
va commonwealth,1433
valparaiso,1434
valparaiso,1434
Valparaiso University ,1434
vanderbilt,1435
vanderbilt,1435
Vanderbilt University ,1435
vcu,1433
vcu,1433
vcu(va. commonwealth,1433
vcu(va. commonwealth,1433
vermont,1436
vermont,1436
villanova,1437
villanova,1437
Villanova University ,1437
virginia,1438
virginia,1438
virginia commonwealth,1433
virginia commonwealth,1433
Virginia Commonwealth University ,1433
virginia military,1440
virginia military,1440
virginia military institute,1440
virginia military institute,1440
Virginia Military Institute ,1440
Virginia Polytechnic Institute and State University ,1439
virginia tech,1439
virginia tech,1439
virginia-commonwealth,1433
virginia-commonwealth,1433
virginia-military-institute,1440
virginia-military-institute,1440
virginia-tech,1439
virginia-tech,1439
vmi,1440
vmi,1440
w carolina,1441
w carolina,1441
w illinois,1442
w illinois,1442
w kentucky,1443
w kentucky,1443
w michigan,1444
w michigan,1444
w salem st,1445
w salem st,1445
w texas a&m,1446
w texas a&m,1446
wagner,1447
wagner,1447
Wagner College ,1447
wake forest,1448
wake forest,1448
Wake Forest University ,1448
wake-forest,1448
wake-forest,1448
washington,1449
washington,1449
washington st,1450
washington st,1450
washington st.,1450
washington st.,1450
washington state,1450
washington state,1450
Washington State University ,1450
washington-state,1450
washington-state,1450
weber st,1451
weber st,1451
weber st.,1451
weber st.,1451
weber state,1451
weber state,1451
Weber State University ,1451
weber-state,1451
weber-state,1451
west texas a&m,1446
west texas a&m,1446
west virginia,1452
west virginia,1452
West Virginia University ,1452
western caro.,1441
western caro.,1441
western carolina,1441
western carolina,1441
Western Carolina University ,1441
western ill.,1442
western ill.,1442
western illinois,1442
western illinois,1442
Western Illinois University ,1442
western kentucky,1443
western kentucky,1443
Western Kentucky University ,1443
western ky.,1443
western ky.,1443
western mich.,1444
western mich.,1444
western michigan,1444
western michigan,1444
Western Michigan University ,1444
western-carolina,1441
western-carolina,1441
western-illinois,1442
western-illinois,1442
western-kentucky,1443
western-kentucky,1443
western-michigan,1444
western-michigan,1444
west-virginia,1452
west-virginia,1452
wi green bay,1453
wi green bay,1453
wi milwaukee,1454
wi milwaukee,1454
wichita st,1455
wichita st,1455
wichita st.,1455
wichita st.,1455
wichita state,1455
wichita state,1455
Wichita State University ,1455
wichita-state,1455
wichita-state,1455
william & mary,1456
william & mary,1456
william-mary,1456
william-mary,1456
winston salem,1445
winston salem,1445
winston-salem,1445
winston-salem,1445
Winston-Salem State,1445
Winston-Salem State,1445
winston-salem-state,1445
winston-salem-state,1445
winthrop,1457
winthrop,1457
Winthrop University ,1457
wis.-green bay,1453
wis.-green bay,1453
wis.-milwaukee,1454
wis.-milwaukee,1454
wisconsin,1458
wisconsin,1458
wisconsin-green bay,1453
wisconsin-green bay,1453
wisconsin-green-bay,1453
wisconsin-green-bay,1453
wisconsin-milwaukee,1454
wisconsin-milwaukee,1454
wku,1443
wku,1443
wofford,1459
wofford,1459
Wofford College ,1459
wright st,1460
wright st,1460
wright st.,1460
wright st.,1460
wright state,1460
wright state,1460
Wright State University ,1460
wright-state,1460
wright-state,1460
wyoming,1461
wyoming,1461
xavier,1462
xavier,1462
Xavier University ,1462
yale,1463
yale,1463
Yale University ,1463
youngstown st,1464
youngstown st,1464
youngstown st.,1464
youngstown st.,1464
youngstown state,1464
youngstown state,1464
Youngstown State University ,1464
youngstown-state,1464
youngstown-state,1464
